Identity,Numeric ID,Description
reserved:unknown,0,The identity could not be derived.
reserved:host,1,"The local host. Any traffic that originates from
or is designated to one of the local host IPs."
reserved:world,2,Any network endpoint outside of the cluster
reserved:unmanaged,3,"An endpoint that is not managed by Cilium, e.g.
a Kubernetes pod that was launched before Cilium
was installed."
reserved:health,4,"This is health checking traffic generated by
Cilium agents."
reserved:init,5,"An endpoint for which the identity has not yet
been resolved is assigned the init identity.
This represents the phase of an endpoint in which
some of the metadata required to derive the
security identity is still missing. This is
typically the case in the bootstrapping phase.
The init identity is only allocated if the labels
of the endpoint are not known at creation time.
This can be the case for the Docker plugin."
reserved:remote-node,6,"The collection of all remote cluster hosts.
Any traffic that originates from or is designated
to one of the IPs of any host in any connected
cluster other than the local node."
reserved:kube-apiserver,7,"Remote node(s) which have backend(s) serving the
kube-apiserver running."
reserved:ingress,8,"Given to the IPs used as the source address for
connections from Ingress proxies."
